"Trait","S_Combined"
"SLA",0.0129189643790086
"deltaC13",-0.0045546497070298
"FDsnow",-0.125591407211315
"height",-0.0784194107252992
