"Term","Type","Beta_Coefficient","Standard_Error","P_Value","Variance"
"TL","Linear",-0.608651434659308,0.200729649538574,0.0024278232997004,0.0402923922038787
"TL²","Quadratic",-0.828911705318557,0.355433171506085,0.0196945423364785,0.126332739406874
