"Term","Type","Beta_Coefficient","Standard_Error","P_Value","Variance"
"KL","Linear",0.276589208149918,0.176808052248317,0.117736017754752,0.0312610873398436
"KL²","Quadratic",-0.117192478571937,0.28842223635576,0.684505567627735,0.0831873864244582
