"Term","Type","Beta_Coefficient","Standard_Error","P_Value","Variance"
"TL","Linear",-1.14114219994374,0.266155072534391,1.80688149520216e-05,0.070838522635787
"HL","Linear",1.02145606264652,0.260234956135748,8.66828718262618e-05,0.0677222323949748
"TL²","Quadratic",-0.761589550498572,0.555851012350177,0.170645536799718,0.308970347930717
"HL²","Quadratic",-0.273229992122326,0.516984875559858,0.59714766906793,0.267273361557642
"TL × HL","Correlational",0.144790725723187,0.40916914335544,0.723439898989453,0.167419387874225
