"trait","differential"
"TL",-0.234716055158291
"HL",0.162894123623553
"WT",-0.202418707542421
"KL",0.128475456583716
