"Term","Type","Beta_Coefficient","Standard_Error","P_Value","Variance","Group"
"eye","Linear",0.0273086576694784,0.0150335150678034,0.0696275354854509,0.000226006575293872,"Crescent Pond"
"eye²","Quadratic",0.0435686402323717,0.0210501840238046,0.0387640255042029,0.000443110247436038,"Crescent Pond"
"eye","Linear",0.0201151330999511,0.0181919353734663,0.269123172542391,0.000330946512632375,"Little Lake"
"eye²","Quadratic",-0.0208504231786506,0.0219480442200006,0.342353948044445,0.0004817166450831,"Little Lake"
