"Term","Type","Beta_Coefficient","Standard_Error","P_Value","Variance","Group"
"SL","Linear",0.0115056405070842,0.0156960502040719,0.46373473583863,0.000246365992008745,"Crescent Pond"
"SL²","Quadratic",-0.0208092237056277,0.0219318407044128,0.342973389169412,0.00048100563668374,"Crescent Pond"
"SL","Linear",-0.000457419495420601,0.0183543398035395,0.980122624934808,0.000336881789623794,"Little Lake"
"SL²","Quadratic",-0.0352449178461371,0.0208785466572639,0.0917149220408403,0.000435913710519546,"Little Lake"
