"Term","Type","Beta_Coefficient","Standard_Error","P_Value","Variance","Group"
"SL","Linear",-0.0617054973331821,0.013249250611213,5.61624786818762e-05,0.000175542641758729,"Crescent Pond"
"SL²","Quadratic",0.0435425040566177,0.0185129666431996,0.194567559300714,0.00034272993393222,"Crescent Pond"
"SL","Linear",-0.0234183566563103,0.0113740889683448,0.0604074366252379,0.000129369899859822,"Little Lake"
"SL²","Quadratic",0.0189512574709231,0.0129383268344886,0.276484365558835,0.000167400301276048,"Little Lake"
