"Term","Type","Beta_Coefficient","Standard_Error","P_Value","Variance","Group"
"eye","Linear",0.0088820577591637,0.0129539910893565,0.473063602141322,0.000167805885143128,"Crescent Pond"
"eye²","Quadratic",-0.0469817827029989,0.0181383991065186,0.0108748287058619,0.000329001522147356,"Crescent Pond"
"eye","Linear",0.0151406915582481,0.0112979721411413,0.199615940889765,0.000127644174502004,"Little Lake"
"eye²","Quadratic",0.00858909316922807,0.0136306768389126,0.61042964232915,0.000185795351086869,"Little Lake"
